<?xml version="1.0" encoding="UTF-8"?>
<project-private xmlns="http://www.netbeans.org/ns/project-private/1">
    <editor-bookmarks xmlns="http://www.netbeans.org/ns/editor-bookmarks/2" lastBookmarkId="0"/>
    <open-files xmlns="http://www.netbeans.org/ns/projectui-open-files/2">
        <group>
            <file>file:/home/aluno/Downloads/CRUDBasico-master/src/modelo/Cidade.java</file>
            <file>file:/home/aluno/Downloads/CRUDBasico-master/src/controle/EstadoMB.java</file>
            <file>file:/home/aluno/Downloads/CRUDBasico-master/src/modelo/Estado.java</file>
            <file>file:/home/aluno/Downloads/CRUDBasico-master/src/controle/PessoaMB.java</file>
            <file>file:/home/aluno/Downloads/CRUDBasico-master/src/modelo/Pessoa.java</file>
            <file>file:/home/aluno/Downloads/CRUDBasico-master/src/visao/CadastroEstado.java</file>
            <file>file:/home/aluno/Downloads/CRUDBasico-master/src/visao/CadastroCidade.java</file>
            <file>file:/home/aluno/Downloads/CRUDBasico-master/src/controle/CidadeMB.java</file>
        </group>
    </open-files>
</project-private>
